1066swimmers,TENS,1066 Swimmers
1930,ENTX,1930 ASC
4 Shires,FRSS,4 Shires Swimming Club
Aberearon,ABEY,Aberaeron SC
Aberavon,ABVY,Aberavon
Aberdare Com,ACDY,Aberdare Comets Diving Club
Aberdeen,NANX,Aberdeen ASC
Aberdeen Dol,NADX,Aberdeen Dolphins ASC
Aberdeen SV,NAVX,Aberdeen Sports Village Aquatics
Adeen Uni DC,NABX,Aberdeen University Diving Club
Aberdeen Uni,NAUX,Aberdeen University Swimming and
Abergavenny,ABAY,Abergavenny Aquatic Squad
Abertillery,ABTY,Abertillery Piranhas SC
Aberystwyth,ABRY,Aberystwyth
Abingdon,ABDS,Abingdon SC
AbingdonVale,ABIS,Abingdon Vale SC
A A SC Notts,AANA,Absolute Academy Swim Club Notti
AST Burnham,ASBW,Academy Swim Team Burnham
Accrington,ACCN,Accrington SC
Adwick,ADWE,Adwick (Doncaster) SC
Airdrie&monk,WAMX,Airdrie and Monkland ASC
Aireborough,AIRE,Aireborough SC
Albatross DC,ALBS,Albatross DC
Aldershot Ad,ADUS,Aldershot Adult SC
Alford Otter,NAOX,Alford Otters ASC
Alfreton,ALFA,Alfreton Swimming Club
Alloa,WAAX,Alloa ASC
Alnwick Dol,ALNE,Alnwick Dolphin SC
Alsager,ALSN,Alsager SC
Alton & Dist,ALTS,Alton & District Swimming Club
Altrincham,ALTN,Altrincham SC
Amersham,AMES,Amersham SC
Amman Valley,AMMY,Amman Valley
Anaconda,ANCL,Anaconda SC
Andover,ANDS,Andover Swimming & WP Club
Appleby,APPN,Appleby
ApplebyFrod,APPE,Appleby Frodingham SC
Applemore,APWS,Applemore and Waterside SC
AFSHartlepol,AFHE,Aqua Force Swimming Academy Hart
AquaSevenoak,AQSS,Aqua Swimming Club (Sevenoaks)
Aquabears,ROCN,Aquabears Of Rochdale SC
Aquae Sulis,ASPW,Aquae Sulis Performance SwimClub
AJ Newcastle,AJNE,AquaJets Newcastle SC
Aqualina Syn,AQUT,Aqualina Synchro Club
Aquanauts Li,EANX,Aquanauts Livingston ASC
Aquavision,AQNL,Aquavision North London SwimClub
Ardingly,ARDS,Ardingly SC
Arfon,ARFY,Arfon
Argyll&Clyde,UACX,Argyll & Clyde Swim Team
Armadale,EABX,Armadale Barracudas ASC
Armthorpe,ARME,Armthorpe & District SC
Arnold,ARNA,Arnold SC
ASA Test,TESQ,ASA Live Test Club
Asa Temp 2,ATEA,Asa Temporary cat 2 club
Ashbourne,ASHA,Ashbourne & District SC
Ashford Sch,ASFS,Ashford School
Ashford Town,ASHS,Ashford Town SC
Ashington,ASHE,Ashington SC
Ashton Cent,ASHN,Ashton Central SC
Ashton u Lyn,AULN,Ashton-Under-Lyne SC
ASKA Chester,ASKN,ASKA (Chester) Swimming Club
Askern Spa,SPAE,Askern Spa ASC
Aston,ASTM,Aston (Birmingham) SC
Ather & Leig,ATHN,Atherton and Leigh ASC
Atlantis,ATLS,Atlantis Amateur SC
Avondale,AVOL,Avondale SC
Aylesbury,AYBS,Aylesbury & District SC
Ayr DC,WARX,Ayr Diving Club
Backwell,BACW,Backwell SC
Balfron Barr,WBBX,Balfron Barracudas
Banbury,BANS,Banbury SC
Banbury WPC,BWPS,Banbury Water Polo Club
Banchory,NBBX,Banchory Beavers ASC
Banff&Buchan,NBMX,Banff and Buchan Masters
Bangor DC,BBDY,Bangor Bilidowcars Diving Club
Bark & Dagen,BACL,Barking & Dagenham Aquatics Club
Barnes SC,SPAL,Barnes SC
Barnet Copt,BANL,Barnet Copthall SC
Barnet,BNTL,Barnet SC
Barnsley,BARE,Barnsley SC
Barnstaple,BARW,Barnstaple SC
Barrow,BARN,Barrow ASC
Barrow LD,BLON,Barrow Long Distance SC
Barry,BARY,Barry
Basildon Ph,BAST,Basildon and Phoenix SC
Basingstoke,BBFS,Basingstoke Bluefins SC
Bath Dolphin,BADW,Bath Dolphin SC
Bathgate,EBEX,Bathgate ASC
Beachfield,BFDS,Beachfield Swimming Squad
Beacon,BCNS,Beacon SC
Beau Sejour,BEAS,Beau Sejour Barracuda SC
Beaumont Dac,BDAT,Beaumont Diving Academy
Beaver,BEVS,Beaver Swimming Club
Beaver Mast,BEVT,Beavers Masters Bedford SC
Bebington,BEBN,Bebington SC
Beccles Town,BECT,Beccles Town SC
Beckenham,BEKL,Beckenham SC
Bedale,BEDE,Bedale Sharks ASC
Bedford Eagl,BEAT,Bedford Eagles DC
Bedford Mod,BMST,Bedford Modern Sch SC
Bedford Syn,BEST,Bedford Synchro SC
Bedford WP,BEPT,Bedford Water Polo Club
Bedfordshire,BDFT,Bedfordshire ASA
B'ford Lions,BLWT,Bedfordshire Lions WPC
Bellshill,WBLX,Bellshill Sharks ASC
Belmont,MBTX,Belmont ASC
BelperMarlin,BEMA,Belper Marlin Swimming Club
Bere Regis,BERW,Bere Regis Swimming Club
Berkhamsted,BKHT,Berkhamsted SC
Berks&SBucks,BSBS,Berkshire & S Bucks
BethnalGreen,BEGL,Bethnal Green SC
Bev Barracud,BEBE,Beverley Barracudas SC
Beverley,BEVE,Beverley Swimming Club
Bexhill,BXHS,Bexhill SC
Bexley Mast,BEML,Bexley Masters SC
Bexley,BEXL,Bexley SC
Bexley WP,BXPL,Bexley Water Polo Club
Bicester,BCCS,Bicester Blue Fins SC
Biddulph,BIDM,Biddulph SC
Biggleswade,BWPT,Biggleswade SC
Billericay,BILT,Billericay Friday Swimmers
Billingham,BILE,Billingham Forum SC
Bilston,BILM,Bilston SC
Bingham Peng,SNPA,Bingham Penguins SC
Bingley,BIGE,Bingley SC
Bircotes SC,BICA,Bircotes SC
BirkenheadCW,BCWN,Birkenhead CWS SC
Birkenhead,BKDN,Birkenhead SC
Birmingham M,BIRM,Birmingham Masters
Birtley,BIRE,Birtley SC
Bishop Stort,BIST,Bishops Stortford SC
Bishops Wal,BSAS,Bishops Waltham Mitres SwimClub
Bishopsworth,BISW,Bishopsworth SC
BJSC Tooting,BATL,BJSC Tooting
Black Lion,BLAS,Black Lion SC
Blackburn,BLCN,Blackburn Centurion SC
Blackpool Aq,BAQN,Blackpool Aquatics ASC
Blaenafon B,BLBY,Blaenafon Barracudas SC
Blairgowrie,MBEX,Blairgowrie ASC
Blandford,BLFW,Blandford SC
Blantyre,WBEX,Blantyre ASC
Blaydon,BLAE,Blaydon & Dist S&LSC
Bletchley,BAES,Bletchley and District SC
Blue Marlins,BMAS,Blue Marlins SC
Bluebird,BLUM,Bluebird Swimming Club
Blyth,BLYE,Blyth Lifeguard & Swimming Club
Blythe Barra,BBSM,Blythe Barracudas SC
Bo'ness,WBSX,Bo'ness ASC
Bognor Regis,BOGS,Bognor Regis SC
Boldmere,BLDM,Boldmere SC
Boldon,BOLE,Boldon C.A. Swim Club
Bollington,BOLN,Bollington Phoenix SC
Bolton Dolph,BDON,Bolton Dolphins SC
Bolton Metro,BTMN,Bolton Metro Swimming Squad
Bolton,BLNN,Bolton SC
Bonn Accord,NBAX,Bon Accord Thistle ASC
Bootle,BNLN,Bootle & North Liverpool SC
Bo Waltham F,BWFL,Bor of Waltham Forest (Gators)
B.E.S.T.,UBEX,Borders Elite Swim Team
Borehamwood,BORT,Borehamwood SC
Bo Barnsley,BAME,Borough of Barnsley SC
Bo Of Harrow,HAWL,Borough of Harrow S C
Bo Kirklees,BOKE,Borough of Kirklees SC
Bo Southend,BOST,Borough of Southend Swimming and
Bo Stockton,BOSE,Borough Of Stockton Swim Scheme
Wandw'th ASA,WBOL,Borough of Wandsworth SA
Boston,BOSA,Boston Amateur SC
Bottisham,BOTT,Bottisham SC
Bourne End,BORS,Bourne End SC
Bourne,BOUS,Bourne SC
Bourmth Coll,BCSW,Bournemouth Collegiate School SC
Bournemouth,BTHW,Bournemouth SC
Box Hill,BOXS,Box Hill SC
Bracknell,BRKS,Bracknell & Wokingham SC
Bracknell Sy,BRSS,Bracknell Synchro SC
Bradford Dol,BDSE,Bradford Dolphin SC
Bradford,BRAE,Bradford SC
BradfordAvon,BOAW,Bradford-On-Avon ASC
Braintree,BTRT,Braintree & Bocking SC
Bramcote,BRMA,Bramcote Swimming Club
Braunstone,BSTA,Braunstone SC
Brechin,MBBX,Brechin Beavers ASC
Brecon,BREY,Brecon
Brent Dolph,BOBL,Brent Dolphins SC
Brentwood,BRET,Brentwood SC
Bridge O Don,NBDX,Bridge of Don ASC
Bridgefield,BRIN,Bridgefield SC
Bridgend Cty,BRCY,Bridgend County Swim Squad
Bridgwater,BRIW,Bridgwater Amateur Swimming Club
Bridlington,BRDE,Bridlington SC
Bridport Bar,BBAW,Bridport Barracuda
Brighouse,BRGE,Brighouse SC
Brighton Dol,BRDS,Brighton Dolphin SC
Brighton,BRIS,Brighton SC
Bristol Cent,BRCW,Bristol Central SC
Bri Hengrove,BHGW,Bristol Hengrove Swimming Club
Bristol Hen,BRHW,Bristol Henleaze SC
Bristol Mast,BRMW,Bristol Masters SC
Bristol Nor,BRNW,Bristol North SC
Bristol Pen,BPOW,Bristol Penguin Olympic SC
Bristol S,BHEW,Bristol South Swim Club
Brixham,BRXW,Brixham SC
Broadstairs,BSLS,Broadstairs Lifeguard & SC
Broadway M,BRDM,Broadway (Walsall)
Broadway N,BRON,Broadway SC (North)
Broch,NBHX,Broch SC
Brockworth,BROW,Brockworth Swimming Club
Bromley,BRYL,Bromley SC
Brompton,BRBL,Brompton SC
Bromsgrove,BROM,Bromsgrove SC
BrookmansPar,BRPT,Brookmans Park Swimming Club
Broomfield,BROL,Broomfield Park SC
Broxbourne,BRBT,Broxbourne SC
Broxburn,EBNX,Broxburn & District ASC
Buckie,NBKX,Buckie ASC
Buckingham S,BUCS,Buckingham Swans
Buckley,BUCY,Buckley
Bucksburn,NBNX,Bucksburn ASC
BUCS,BUCL,BUCS
Bude,BUDW,Bude Sharks
Buntingford,BUNT,Buntingford SC
Burnham On S,BOSW,Burnham-on-Sea SC
Burnley Aqua,ROGN,Burnley Aquatics SC
Burnley BOBC,BUBN,Burnley BOBCATS ADM SC
Burntisland,EBDX,Burntisland ASC
Burntwood,BRWM,Burntwood Swimming Club
Burscough DC,BDCN,Burscough Diving Club
Burton,BURM,Burton Amateur SC
Bury & Elton,BRYN,Bury and Elton SC
Bury Drag DC,BDDN,Bury Dragons Diving Club
Bury WPC,BWPN,Bury Water Polo Club
Bushey,BUST,Bushey Amateur Swimming Club
Buxton,BUXA,Buxton & District SC
Co Aberdeen,UCAX,C.O.A.S.T.
Caernarfon,CANY,Caernarfon
Caerphilly,CAPY,Caerphilly County Swim Squad
Caldicot,CALY,Caldicot
Caledonia,UCDX,Caledonia
Cally Mast,CMIL,Cally Masters Islington
Calne Alpha,CAFW,Calne Alpha Four ASC
Calv Bing,CALA,Calverton and Bingham SC
Cambridge DT,CDTT,Cambridge Dive Team
Cambridge Un,CAUT,Cambridge University SC
Cambs,CMBT,Cambridgeshire ASA
Camden Swiss,CSCL,Camden Swiss Cottage SC
Camelford,CAMW,Camelford Stingers
Camphill Ed,CHEM,Camp Hill Edwardians SC
Camp Hill SC,CAHM,Camp Hill SC
Phoenix Y'th,PHYM,Cannock Phoenix Swimming Club
Canvey Isl,CNVT,Canvey Island SC
Caradon,CRNW,Caradon SC
Cardenden,ECNX,Cardenden ASC
Cardiff Div,CDDY,Cardiff Diving Club
Cardiff Mast,CDMY,Cardiff Masters
Cardigan,CARY,Cardigan
Carlisle Aq,CAQN,Carlisle Aquatics
CarltonForum,CARA,Carlton Forum SC
Carmarthen,CAMY,Carmarthen
Carm Masters,CMMY,Carmarthen Masters SC
CarmarthenWP,CWPY,Carmarthen Water Polo Club
Carn Brea,CARW,Carn Brea and Helston SC
Carnegie,ECEX,Carnegie ASC
Carnforth,CDON,Carnforth & Dist Otters
Carnoustie,MCCX,Carnoustie Claymores
CastlefordWP,CWPE,Castleford WPC
Castlemilk,WCMX,Castlemilk ASC
Cawpra,CAWS,Cawpra SC
C Dolphins,CEDY,Celtic Dolphins
Celtic Shark,CELY,Celtic Sharks
Chadderton,CHAN,Chadderton SC
Chalfont,CHAS,Chalfont Otters SC
Chapeltown,CHPE,Chapeltown SC
Chard,CHAW,Chard & District
Chase,CHSM,Chase SC
Chatteris,CHKT,Chatteris Kingfisher SC
Cheadle,CSDM,Cheadle (Staffs) & District
CheamMarcuda,CHLL,Cheam Marcuda SC
Cheddar,CHDW,Cheddar Kingfishers SC
Chelms DC,BDCT,Chelmsford Diving Club
Chelmsford,CHET,Chelmsford SC Ltd
Chelsea&West,CWSL,Chelsea & Westminster SC
Cheltenham,CHEW,Cheltenham S & W P Club
Chepstow,CHEY,Chepstow & District SC
Chesham,CHMS,Chesham SC
Cheshire,CHRN,Cheshire County WPSA
Cheshunt,CHST,Cheshunt Swimming Club
Chester Le S,CLSE,Chester-Le-Street SC
Chesterfield,CFDA,Chesterfield Swimming Club
Chichester,CHIS,Chichester (Cormorant) SC
Chiltern DS,CMDS,Chiltern Metropolitan Diving Sch
Chippenham,CHIW,Chippenham ASC
Chipping Cam,CHCW,Chipping Campden SC
Chirk,CHIY,Chirk
Chislehurst,CMSL,Chislehurst Millennium SwimSquad
Chorley Marl,CMAN,Chorley Marlins SC
Cinderford,CINW,Cinderford & District SC
Cirencester,CIRW,Cirencester SC
Citizens WP,CWPL,Citizens Water Polo Club
Co Bangor,BANY,City of Bangor
Co Birm'ham,BHMM,City of Birmingham SC
Co Brad Div,CBEE,City of Bradford Esprit Diving
Co Bradford,COBE,City of Bradford SC
Co Bristol,COBW,City of Bristol SC
Co Cambridge,CAMT,City of Cambridge SC
Co Cant'bury,CANS,City of Canterbury SC
Co Cardiff,COCY,City of Cardiff
Co Chester,COCN,City of Chester Swimming Club
Co Coventry,COVM,City of Coventry SC
Co Derby,DERA,City of Derby Swimming Club
Co Edin Perf,EXXX,City of Edinburgh P Centre
Co Ely,ELYT,City Of Ely SC
Co Glasgow,WCGX,City Of Glasgow Swim Team
Co Hereford,HERM,City of Hereford SC
Co Leeds DC,LDCE,City of Leeds Diving Club
Co Leeds,LDSE,City of Leeds SC
Co Leeds Syn,LSYE,City Of Leeds Synchronised SC
Co Leeds WP,CLWE,City of Leeds Water Polo Club
Co Leicester,COLA,City of Leicester SC
Co Lincoln P,CLPA,City of Linc Pentaqua SC
Co Liverpool,LPLN,City of Liverpool SC
Co Manch Aq,MANN,City of Manchester Aquatics
Co Manch WP,CMWN,City of Manchester WPC
Co Milton K,CMKS,City Of Milton Keynes
Co Newport,NWMY,City Of Newport Swimming Club
CoNewport Sy,CNSY,City of Newport Synchronised SC
Co Oxford,OXFS,City Of Oxford SC
Co Peterboro,PETT,City Of Peterborough SC
Co Prestonaq,CPAN,City of Preston Aquatics SC
Co Rochester,CORS,City Of Rochester S&LGC
Co Salford,SAFN,City of Salford SC
Co Shef Dive,SHDE,City of Sheffield Diving Club
Co Sheffield,COSE,City of Sheffield Swim Squad Ltd
Co Sheff WP,SWPE,City of Sheffield WPC
Co South'ton,COSS,City of Southampton SC
Co St Albans,SAST,City of St Albans SC
Cosacss,CITM,City of Stoke SC (Cosacss)
Co Sund'land,SUNE,City of Sunderland ASC
Swansea Aq,SWAY,City of Swansea Aquatics Club
Co Wakefield,WAKE,City of Wakefield SC
Clacton SC,CLAT,Clacton Swimming Club
Clayesmore,CCOW,Clayesmore Swimming Club
Cleethorpes,CLDE,Cleethorpes & Dist SC
Clevedon,CLEW,Clevedon SC
Clitheroe,CLIN,Clitheroe & District SC
Nofio P.B.P,PBPY,Clwb Nofio P.B.P.
Clydebank,WCKX,Clydebank ASC
Coalville,COAA,Coalville SC
Cockermouth,COKN,Cockermouth SC
Colchester O,COYT,Colchester Oysters
Colchester P,COPT,Colchester Phoenix ASC
Colchester,COLT,Colchester SC
Colne,COLN,Colne SC
Colne Valley,COLE,Colne Valley SC
Colwyn Bay,COLY,Colwyn Bay
Com Services,BAFS,Combined Services SA
Connahs Quay,CONY,Connahs Quay Swimming Club
Consett,CONE,Consett SC
Conwy,SCPY,Conwy County Aquatics
Coombes Wood,CMWM,Coombes Wood SC
Copeland,COPN,Copeland ASC
Corby,CORA,Corby ASC
Corby DC,CSDA,Corby Steel Diving
Cornwall,CWLW,Cornwall ASA
Corsham,CORW,Corsham A.S.C.
CorwenSharks,CSHY,Corwen Sharks
Cranleigh,CRAS,Cranleigh SC
CranleighSch,CRSS,Cranleigh School SC
Crawley DC,CRDS,Crawley Diving Club
Crawley Flam,CFSS,Crawley Flamingoes SGPD
Crawley,CRWS,Crawley SC
Crediton,CREW,Crediton & District SC
Crewe Flyers,CREN,Crewe Flyers SC
Crosby,CRON,Crosby SC
Croydon Amph,CROL,Croydon Amphibians SC
Croydon,CYDL,Croydon SC
Crystal P DC,CRYL,Crystal Palace Diving Club
Cults Otters,NCOX,Cults Otters ASC
Cumbernauld,WCDX,Cumbernauld ASC
Cumbria,CUMN,Cumbria ASA
Cupar,ECRX,Cupar and District Swimming Club
Cwm Draig WP,CDWY,Cwm Draig Water Polo Club
Cwmbran,CWMY,Cwmbran
Dacorum DC,SADT,Dacorum Diving Club
Dacorum Sync,DAST,Dacorum Synchro SC
Dane Valley,DANN,Dane Valley SC
Darlington M,DDME,Darlington Dolphin Masters SC
Darlington,DARE,Darlington SC
Dartford,DARS,Dartford District SC
Darwen,DARN,Darwen SC
Davenport,DAVN,Davenport & District SC
Daventry,DAVA,Daventry Dolphins SC
Dawlish,DAWW,Dawlish SC
Deal Triath,DTRS,Deal Tri Masters Swim Club
Dearne Vall,DCME,Dearne Valley SC
Deben,DEBT,Deben SC
Deepings,DEEA,Deepings SC
Delting,NDDX,Delting Dolphins ASC
Denbigh D,DENY,Denbigh Dragons Swim Club
Denbig DT,DDTY,Denbighshire Development Team
DerbyPhoenix,DEPA,Derby Phoenix SC
Derbyshire,DRBA,Derbyshire ASA
Dereham,DADT,Dereham & District SC
Derventio,DEXA,Derventio Excel Swim Squad
Derwent Vall,DEVE,Derwent Valley SC
Derwentside,DERE,Derwentside SC
Deveron,NDNX,Deveron ASC
Devizes,DEVW,Devizes ASC
Devon,DVNW,Devon County ASA
Devonport,DERW,Devonport RSA
Dewsbury,DBYE,Dewsbury SC
Didcot & Bar,DABS,Didcot & Barramundi SC
Didcot,DIDS,Didcot SC
Dingwall,NDIX,Dingwall ASC
Dinnaton,DINW,Dinnaton SC
Diss Otters,DOTT,Diss Otters SC
Dive London,DLAL,Dive London Aquatics Club
Dolphin PBar,DPBT,Dolphin SC (Potters Bar)
Dolphin SC,DOLN,Dolphin Swimming Club (Widnes)
Don Valley,DNVE,Don Valley Dolphins SC
Donc Dartes,DODE,Doncaster Dartes SC
Dorchester,DORW,Dorchester SC
Dorking,DORS,Dorking Swimming Club
Dorset,DRSW,Dorset County ASA
Dorset Syn,DSYW,Dorset Synchronised Swimming Clu
Douglas,DOUN,Douglas SC
Dove Valley,DOVM,Dove Valley SC
Dover Life,DLCS,Dover Lifeguard Swimming Club
Dragons Disa,DRGY,Dragons Disabled SC
Driffield,DFDE,Driffield SC
Droitwich,DTDM,Droitwich Dolphins SC
Dronfield,DRDA,Dronfield Dolphins SC
Dronfield SC,DRFA,Dronfield SC
Droylsden,DRYN,Droylsden SC
D.T.S,DTSW,DTs
Dukinfield,DUKN,Dukinfield Marlins ASC
Dulwich Dolp,DUDL,Dulwich Dolphins
Dumfries,WDSX,Dumfries Dolphins ASC
DundeeAsthma,UDAX,Dundee Asthma Swim Team
Dun City Aqu,MDCX,Dundee City Aquatics SC
Dundee Uni,MDUX,Dundee University Swim Club
Dunedin ST,EDDX,Dunedin Swim Team
Dunfermline,EDEX,Dunfermline ASC
Dunfermli Wp,EDUX,Dunfermline Water Polo Club
DunmowAtlant,DUAT,Dunmow Atlantis SC
Dunoon,WDNX,Dunoon ASC
Duns,EDSX,Duns ASC
Dunstable,DUBT,Dunstable SC
Dunstable WP,DUWT,Dunstable Water Polo Club
Durham City,DURE,Durham City ASC
Durrington,DURW,Durrington Otters
Dursley,DDOW,Dursley Dolphins
Dyce,NDAX,Dyce (Aberdeen) ASC
Ealing,EALL,Ealing SC
East Anglian,EANT,East Anglian Swallow Tails
East Dorset,EDOW,East Dorset Open Water SC
East Grins'd,EAGS,East Grinstead Swimming Club
E I eXcel,EIES,East Invicta eXcel
Eastkilbride,WEKX,East Kilbride ASC
East Leeds,ELEE,East Leeds SC
East Lothian,UELX,East Lothian Swim Team
E Manch Ice,MIWN,East Manchester Icebergs Aquatic
E M Region,MLDA,East Midland Region
East Region,EAST,East Region
Eastbourne,EASS,Eastbourne SC
Eastern Otte,EOTL,Eastern Otters Water Polo Club
Eastleigh,EATS,Eastleigh SC
Eccles,ECCN,Eccles SC
Eckington,ECKA,Eckington SC
Edenbridge,EDPS,Edenbridge Piranhas SC
Edinburgh Di,EEDX,Edinburgh Diving Club
Edinburgh Ma,EEMX,Edinburgh Masters ASC
Edinburgh Sy,EESX,Edinburgh Synchro ASC
Edinburgh Un,EEUX,Edinburgh University
Edlington,EDLE,Edlington SC
Edmonton Phx,EDML,Edmonton Phoenix Swimming Club
Edmonton,EDTL,Edmonton SC
Electric Els,EEWS,Electric Eels of Windsor SC
Elgin,NENX,Elgin SC
Ellesmere Co,ECTM,Ellesmere College Titans SC
Ellesmere Pt,ELLN,Ellesmere Port SC
Elmbridge,ELMS,Elmbridge Phoenix SC
Eltham Sting,EMSL,Eltham Stingrays
Eltham Train,ELTL,Eltham Training and SC
Enable Arion,WEAX,Enable Arion SC
Enfield Sq,ENSL,Enfield Swim Squad
EnglishRoses,ERME,English Roses Masters WPC
Epping For't,EPPT,Epping Forest Dist SC
Epsom&Ewell,EPES,Epsom & Ewell SC
Epsom Dist,EPSS,Epsom District SC
Erewash Vall,ERVA,Erewash Valley SC
Erith & Dist,ERIL,Erith & District SC
Essex,ESXQ,Essex County ASA
Eston,ESTE,Eston SC
Eton College,ETOS,Eton College SC
Etwall,ETEA,Etwall Eagles SC
Everton,EVEN,Everton Swimming Assoc
Evesham,EVEM,Evesham SC
Exeter City,EXCW,Exeter City Swimming Club
Exeter WP&SC,EXEW,Exeter Waterpolo & Swimming Club
Exmouth,EXMW,Exmouth Swimming & Lifesaving So
Eyemouth,EEHX,Eyemouth & District ASC
Falcon Nttm,FALA,Falcon (Hucknall) Swimming Club
F.I.R.S.T.,UFTX,Falkirk Inter-Region Swim Team
Falkirk,WFOX,Falkirk Otters ASC
Fareham N'ds,FANS,Fareham Nomads SC
Farnham,FARS,Farnham SC
Fauldhouse,EFPX,Fauldhouse Penguins SC
Faversham,FAVS,Faversham SC
Felixstowe,FLXT,Felixstowe SC
Feltham,FELL,Feltham SC
FenlandFlyer,FEFT,Fenland Flyers Swimming Club
FerryAmateur,EFAX,Ferry Amateur Swim Team
FiNSEST,UFNX,Fife North East Swim Team
Fife Synchro,EFEX,Fife Synchronised Swimming Club
Fins,EFSX,Fins CSC
First Aqua,MFAX,First Aquatic Swim Team
F S Godmanc,FSGT,First Strokes Godmanchester SC
Fishguard,FISY,Fishguard Flyers
Fleetwood,FLEN,Fleetwood & District SC
Flint,FLIY,Flint Swimming Club
Flitwick,MBDT,Flitwick Dolphins SC
Flixton,FSTN,Flixton SC
Folkestone,FOLS,Folkestone Sports Centre SC
Forfar,MFRX,Forfar ASC
Formby SC,FSCN,Formby Swimming Club
Forres,NFBX,Forres Blu Fins ASC
Forth Valley,WFVX,Forth Valley WPC
Forward Hill,FORL,Forward Hillingdon Squad
Fox Hollies,FOXM,Fox Hollies
Fraserburgh,NFHX,Fraserburgh ASC
Free Style,NFSX,Free Style SC
Frome,FROW,Frome SC
DLL Ebourne,DLES,G29 Wild Swimmers DLL Eastbourne
Gainsborough,GRDA,Gainsborough Dolphins SC
Galashiels,EGAX,Galashiels ASC
Garioch,NGHX,Garioch ASC
Garstang,GTGN,Garstang SC
Garston,GARN,Garston SC
Gates &Whick,GAWE,Gateshead & Whickham SC
Gates Synch,GHSE,Gateshead Synchronised SC
Glasgow Mast,WGMX,Glasgow Masters ASC
Glasgow Nmds,WNSX,Glasgow Nomads SC
Glasgow Uni,WGUX,Glasgow University Swim Team
Glasgow Wm,WWMX,Glasgow Western Masters ASC
Glenrothes,EGSX,Glenrothes ASC
Glossop,GLOA,Glossop SC
Gloucester,GLOW,Gloucester City SC
Gloucester M,GLMW,Gloucester Masters SC
Gloucs,GLUW,Gloucestershire ASA
Godalming,GODS,Godalming ASC
Gosport,GOSS,Gosport Dolphins SC
Grangemouth,WGHX,Grangemouth ASC
Grantham,GRNA,Grantham SC
Grantham WP,KWPA,Grantham Water Polo Club
Grantown,NGRX,Grantown-on-Spey SC
Gravesend,GRAS,Gravesend & Northfleet SC
British Deaf,BODS,Great Britain Deaf Swimming Club
G B Police,GBPE,Great Britain Police
Gt Harwood,GHON,Great Harwood Otters SC
Gt Yarmouth,GYAT,Great Yarmouth SC
Green Arrows,GASA,Green Arrows SSC
Gwich Royals,GWRL,Greenwich Royals SC
Grimsby Dol,GRDE,Grimsby Alexandra & Dolphins SC
Grimsby AST,GAQE,Grimsby Aquatics Swim Team
Grimsby Pen,GPEE,Grimsby Penguins
Grove,EGEX,Grove ASC
Guernsey Mar,GMSS,Guernsey Marlins Special Swimmer
Guernsey,GUES,Guernsey Swimming Club
Guernsey WP,GWPS,Guernsey Water Polo LBG
Guildford Ct,GUIS,Guildford City Swimming Club
Guildford WP,CRNS,Guildford Water Polo Club
Guisborough,GUIE,Guisborough SC
Hackney,HAGL,Hackney Aquatics Club
Haddington,EHNX,Haddington & District ASC
Haden Hill,HAHM,Haden Hill SC
Hadleigh,HADT,Hadleigh Swimming Club
Hadrian Mast,HDME,Hadrian Masters SC
Hailes,EHAX,Hailes ASC
Hailsham,HAIS,Hailsham SC
Halesowen,HALM,Halesowen SC
Halesworth,HSWT,Halesworth & District SC
Halifax,HALE,Halifax SC
Halliwick,HPEL,Halliwick Penguin
Halstead,HAST,Halstead Swimming Club
Halton,WIDN,Halton SC
Hamble Aq,HAQS,Hamble Aquatics Swim Team
Hamilton,WHBX,Hamilton Baths ASC
Hamilton Dol,WHNX,Hamilton Dolphins
Hamilton WPC,WHWX,Hamilton Water Polo Club
Hampshire,HNTS,Hampshire County ASA
HampsteadHea,HHWL,Hampstead Heath Winter SC
Hands Gsob,HGSM,Handsworth Grammar Sch Old Boys
Haringey,HABL,Haringey Aquatics
Harlequins,HQWW,Harlequins WPC
Harleston St,HSRE,Harleston Stingrays
Harlow Pen,HALT,Harlow Penguin SC
Harpenden,HRPT,Harpenden Swimming Club
Harpurhey,HARN,Harpurhey SC
Harrogate,HARE,Harrogate District SC
Harrogate DC,HDCE,Harrogate Diving Club
HarrKing Dis,HKFL,Harrow Kingfisher SC for Disable
Harrow S&G,HRWL,Harrow Scout & Guide SC
Hart,HARS,Hart Swimming Club
Hartham Mast,HMAT,Hartham Masters SC
Hartlepool,HATE,Hartlepool SC
Harwich DP,HDPT,Harwich Dovercourt/Parkeston SC
Haslemere,HSMS,Haslemere Swimming Club
Haslingden,HASN,Haslingden SC
Hastings,HSGS,Hastings Seagull SC
Hatfield,HATT,Hatfield SC
Havant & Wat,HVWS,Havant & Waterlooville SC
Haverfordwes,HAVY,Haverfordwest
Havering DC,ECDL,Havering Cormorants Diving Club
Havering Dol,HDOL,Havering Dolphins
Hawick & Td,EHTX,Hawick & Teviotdale ASC
Hayes & Harl,HAYL,Hayes & Harlington SC
Hazel Grove,HAZN,Hazel Gr/Bramhall (Saracens) SC
Heads Valley,HOVY,Heads of the Valleys
Heart Of Mid,EHMX,Heart Of Midlothian ASC
Heath Town,HTHM,Heath Town SC
Hebburn Met,HEBE,Hebburn Metro SC
Helensburgh,WHHX,Helensburgh ASC
Hemel Hemp,HEMT,Hemel Hempstead SC
Henley Leis,HLSS,Henley Leisure Swimming Club
Henley,HENS,Henley SC
Henley Syn,HSYS,Henley Synchronized SC
Henlow Blue,HENT,Henlow Blue Sharks SC
Herne Bay,HNBS,Herne Bay L&SC
Heron,HCEW,Heron Swim Team Somerset
Hertford,HERT,Hertford SC
Herts,HRTT,Hertfordshire ASA
Hertsmere,HFLT,Hertsmere Flyers SC
Heston,HESL,Heston SC
Hetton,HETE,Hetton SC
Highgate DC,HDCL,Highgate DC (Kent)
Highland Dis,NHDX,Highland Disability Swim Team
Highland,UHIX,Highland Swim Team
Highworth,HIGW,Highworth ASC
Highw Pho DC,TDCW,Highworth Phoenix Diving Club
Hillingdon,HISL,Hillingdon Swimming Club
Hinckley,HINA,Hinckley SC
Hindley,HINN,Hindley SC
Hitchin,HITT,Hitchin SC
Hoddesdon,HODT,Hoddesdon SC
Holywell,HOLY,Holywell SC
Honiton,HONW,Honiton SC
Horley,HLYS,Horley SC
Horncastle,HORA,Horncastle Otters SC
Hornchurch,HORL,Hornchurch SC
Horton,HORW,Horton & Broadway Swimming Club
Horwich,HLCN,Horwich Leisure Centre SC
Hoslow Jets,HOJL,Hounslow Jets
Howe Bridge,HBAN,Howe Bridge Aces SC
Howe Br'ge M,HBMN,Howe Bridge Marlins LDSC
Hoylake,HOYN,Hoylake SC
Hucknall WP,RRHA,Hucknall WPC
Hucknall Lin,HUKA,Hucknall/Linby Dolphin SC
Hud Crusader,HCSE,Huddersfield Crusaders SC
Hud Otters,HUOE,Huddersfield Otters SC
Hull Masters,HUME,Hull Masters SC
Hull WP,HWPE,Hull Water Polo Club
Hunstanton,HSET,Hunstanton Sea Eagles
Huntingdon,HUNT,Huntingdon SC
Huntly,NHYX,Huntly ASC
Huyton,HUYN,Huyton SC
Hyde Seal,HYDN,Hyde Seal Swimming Club
Hythe,HYTS,Hythe Aqua
Iceni WPC,ICWT,Iceni Water Polo Club
Ilford DC,IDCL,Ilford Diving Club
Ilfracombe,ILFW,Ilfracombe SC
Ilkeston,ILKA,Ilkeston SC
Ilkeston WPC,IWPA,Ilkeston WPC
Ilkley,ILKE,Ilkley SC
Ilminster,ILMW,Ilminster Swimming Club
Impington,IMPT,Impington SC
Incas,EISX,Incas
Inverclyde,WIEX,Inverclyde ASC
Inverclyde M,WIMX,Inverclyde Masters ASC
Inverleith,EIHX,Inverleith
Inverness,NISX,Inverness ASC
Invicta WP,INVS,Invicta WPC
Islay & Jura,WIJX,Islay & Jura Dolphins ASC
Io Anglesey,IOAY,Isle of Anglesey
Io Man,IOMN,Isle of Man Swimming Club
Io Wight Ma,IOMS,Isle Of Wight Marlins Swim Club
Io Wight,IOWS,Isle of Wight Swim Team
Isleworth,ISLL,Isleworth Penguin SC
Jersey Etail,JESS,Jersey Etaile Synchro Club
Jersey LDSC,JLDS,Jersey Long Distance
Jersey,JERS,Jersey SC
Jersey WP,JWPS,Jersey Water Polo Association
Keith,NKDX,Keith & District ASC
K Paddlers,KPAE,Kelsey Paddlers
Kelso,EKOX,Kelso ASC
Kendal,KENN,Kendal SC
Kenilworth M,KEMM,Kenilworth Masters SC
Kenilworth,KENM,Kenilworth SC
Kent ASA,KENL,Kent ASA
Kent,KNTQ,Kent County ASA
Kettering,KETA,Kettering SC
Keynsham,KEYW,Keynsham SC
Kidlington,KAGS,Kidlington & Gosford SC
Killerwhales,KILL,Killerwhales SC (Havering)
Kilmarnock,WKKX,Kilmarnock ASC
Kimberley,KIMA,Kimberley SC
Kingdom,UKMX,Kingdom Swim Team
King'f Scar,KINE,Kingfisher Scarborough SC
Kingfishers,KFNT,Kingfishers Norwich
KingsCentreA,KCAS,Kings Centre Adult SC (E.Grinste
Kings Corm,KCSL,Kings Cormorants SC
KingsLangley,KINT,Kings Langley SC
KingsSchCant,KSCS,Kings School Canterbury
Kingsbridge,KKFW,Kingsbridge Kingfishers SC
Kingsbury,KAQM,Kingsbury Aquarius SC
Kingst'nton,KTNW,Kingsteignton SC
Kingston,WKNX,Kingston ASC
Kingston Lds,KLDS,Kingston Ladies SC
Kingston Roy,KIRL,Kingston Royals SC
KingstonHull,KUHE,Kingston Upon Hull SC
Kinross,MKOX,Kinross Otters ASC
Kintyre,WKEX,Kintyre ASC
Kippax,KIPE,Kippax SC
Kirkcaldy,EKYX,Kirkcaldy ASC
Kirkham Wesh,KIRN,Kirkham & Wesham SC
Kirkintilloc,WKHX,Kirkintilloch & Kilsyth ASC
Knighton Fld,KNFA,Knighton Fields SC
Knottingley,KNTE,Knottingley ASC
Knutsford,KNUN,Knutsford Amateur Swimming Club
Lanark,WLKX,Lanark
Lancashire,LNCN,Lancashire County WPSA
Lancaster,LANN,Lancaster City SC
Larkfield,LARS,Larkfield SC
Larkhall,WLAX,Larkhall Avondale ASC
Launceston,LSCW,Launceston SC
Leamington,SPAM,Leamington Spa SC
Leander,LEAL,Leander SC
Leatherhead,LETS,Leatherhead SC
Ledbury,LADM,Ledbury & District SC
Leeds CCAA,LCAE,Leeds City College Aquatics Acad
L Mermaids,LMSE,Leeds Mermaids Synchro SC
Leek,LEEM,Leek ASC
Leicester Ma,LEMA,Leicester Masters
Leic Peng,PENA,Leicester Penguins SC
Leic Sharks,LSHA,Leicester Sharks Swimming Club
Leicester Sy,LESA,Leicester Synchro Club
Leics WP,LWPA,Leicester Water Polo Club
Leics,LECA,Leicestershire ASA
Leighton B O,LBOT,Leighton Buzzard Otters
Leighton Buz,LBZT,Leighton Buzzard SC
Leiston,LDST,Leiston & District Swimming Club
Leith,ELHX,Leith ASC
Lerwick,NLKX,Lerwick ASC
Letchworth,LCHT,Letchworth ASC
Lewes,LEWS,Lewes SC
Leyland Barr,LEYN,Leyland Barracudas Swimming Club
Leyton,KEYL,Leyton SC
Lichfield,LICM,Lichfield SC
Lincoln,LINA,Lincoln SC
Lincoln Vulc,VULA,Lincoln Vulcans SC
Lincolnshire,LNCA,Lincolnshire ASA
Lindum Mink,LDMA,Lindum Mink SC
Linslade,LCRT,Linslade Crusaders Swimming Club
Littled Mast,LDMW,Littledown Masters
Littleh'pton,LITS,Littlehampton SC
Liverpool DC,LDCN,Liverpool Diving Club
LiverpoolPen,LIVN,Liverpool Penguins SC
Liverpool WP,LWPN,Liverpool WPC
Livingston,ELDX,Livingston & District Dolphins
Llandudno,LNDY,Llandudno
Llanelli,LLLY,Llanelli
Locksheath,LSSS,Locksheath Swim Squad
Loddon White,LWDT,Loddon White Dolphin SC
Loftus Dol,LOFE,Loftus Dolphins SC
London Aquat,LACL,London Aquatics Centre Performan
Enfield WP,EWPL,London Bor of Enfield WPC
L B Hounslow,LHOL,London Borough of Hounslow
BorRedbridge,LBRL,London Borough of Redbridge SC
London Dis,LODL,London Disability SC
L Region,LONL,London Region
Long Eaton,LEDA,Long Eaton SC
Loughborough,LOUA,Loughborough Town SC
Loughboro Un,LCLA,Loughborough University S & WPC
Louth,LODA,Louth Dolphins SC
Lstoft & OB,LOBT,Lowestoft & Oulton Broad SC
Ludlow,LUDM,Ludlow Swimming Club
Luton Diving,LKDT,Luton Diving Club
Lydney,LYDW,Lydney SC
Lymington,LYMS,Lymington SC
Maccabi,MACL,Maccabi Swimming & WPC
Macclesf'ldM,MAMN,Macclesfield Masters SC
Macclesfield,MACN,Macclesfield SC
Maidenhead,MADS,Maidenhead ASC
Maidstone,MAIS,Maidstone SC
Making Waves,WWWX,Making Waves ASC
Maldon Shark,WENT,Maldon Sharks Swimming Club
Malmesbury,MALW,Malmesbury Marlins ASC
Maltby Div,MDCE,Maltby Diving Club
Man & NW Dis,MNWN,Manchester & North West Disabili
Mchester Div,MADN,Manchester Aquatics Centre DC
Man Shark WP,MSWN,Manchester Sharks WPC
Manch Tri,MTCN,Manchester Triathlon Club
Mansfield,MANA,Mansfield SC
Manx Masters,MNXN,Manx Masters
March,MART,March Marlins SC
Market Dray,NSHM,Market Drayton SC
Market Har,MKHA,Market Harborough SC
Marlboro Col,MBCW,Marlborough College
Marlborough,MARW,Marlborough Penguins ASC
Marple,MPLN,Marple SC
Maryport,MRYN,Maryport
Matlock,MATA,Matlock & District SC
Matlock WP,MWPA,Matlock Water Polo Club
Maxwell,MAXS,Maxwell SC
Maybole,WMEX,Maybole ASC
Medway Syn,MMSS,Medway Mermaids Synchro Club
Melksham,MELW,Melksham ASC
Melton M'bry,MEMA,Melton Mowbray SC
Menzieshill,MMWX,Menzieshill & Whitehall Swimming
Merrick Mav,WMMX,Merrick Mavericks SC
Merthyr Tydf,MERY,Merthyr Tydfil
Merton Pisce,MPIL,Merton Pisces
Merton Div,MSDL,Merton Sch of Diving & T
Merton Sword,MERL,Merton Swordfish SC
Metro Pol,MTPL,Metropolitan Police SC
Mid Beds,MBST,Mid Beds SS
Mid Sussex,MSMS,Mid Sussex Marlins
Middlesboro,MIDE,Middlesbrough SC
Middlesex,MDXL,Middlesex County ASA
Midhurst,MDDS,Midhurst & District SC
Midl&Peebles,UMPX,Midlothian & Peebles Swim Team
Midlothian,EMNX,Midlothian SC
Mildenhall,MADT,Mildenhall & District SC
Milford Havn,MILY,Milford Haven
Millfield,MILW,Millfield School
Milngavie &B,WMBX,Milngavie & Bearsden
Minehead,MINW,Minehead & West Somerset SC
Minsthorpe,MINE,Minsthorpe Marlins SC
Modernians,MODT,Modernian SC
Mold,MOLY,Mold
Monifieth,MMHX,Monifieth ASC
Monnow,MONY,Monnow
Montrose,MMSX,Montrose & District Seals ASC
Moors,MOOE,Moors Swim Squad
Moray Swim,UMYX,Moray Swim Team
Morden Park,MPDL,Morden Park DC
Morley,MORE,Morley Swimming & WP Club
Morpeth,MOPE,Morpeth SC
Motherwell W,WMWX,Motherwell & Wishaw ASC
Mt Kelly,KELW,Mount Kelly Swimming
Musselburgh,EMHX,Musselburgh ASC
Nairn,NNNX,Nairn ASC
Nairn Synchr,NNSX,Nairn Synchro SC
N'wich Seals,NANN,Nantwich Seals Swimming Club
Neath,NEAY,Neath SC
Nene Valley,NEVA,Nene Valley SC
Leicester Ne,NEPA,Neptune (Leicester) SC
Neston,NESN,Neston SC
New Earswick,NEAE,New Earswick SC
New Hemsted,NHBS,New Hemsted Benenden SC
Newark,NEWA,Newark SC
Newbury,NEWS,Newbury Swimming Club
Newcastle St,NEWM,Newcastle (Staffs) ASC
Newcastle,NEWE,Newcastle SwimTeam
Bo Newham,NUEL,Newham & University of East Lond
NewhamYBrits,NYBL,Newham Young Britons ASC
Newmarket,NWMT,Newmarket & Dist SC
Newport,NADM,Newport & District SC
Newport Pag,NPGS,Newport Pagnell SC
Newquay,NEQW,Newquay Cormorants SC
Newquay WPC,NQWW,Newquay Water Polo Club
Newton Abbot,NEWW,Newton Abbot SC
NewtonWillow,NLWN,Newton Le Willows SC
Newtown,NWTY,Newtown SC
NexusValleys,NTVY,Nexus Valleys Swimming Club
Nofio Clwyd,NCPY,Nofio Clwyd
NofioHarlech,CNHY,Nofio Harlech
Nofio S Gar,SCCY,Nofio Sir Gar
Norfolk,NRFT,Norfolk County ASA
N Ayrshire,WNAX,North Ayrshire ASC
N Bedford DC,NBDT,North Bedford Diving Club
N Birmingham,NBMM,North Birmingham Swim and Lifesa
N Cornwall,NCDW,North Cornwall Dragons SC
N Dorset SC,NDTW,North Dorset Turbos SC
NE Dis SC,NEDE,North East Disability Swim Club
NE Region,NECE,North East Region
North Lan ST,UNLX,North Lanarkshire Swim Team
Norfolk Vikg,AYLT,North Norfolk Vikings SC
North Tyne,NTYE,North Tyneside SC
North Wales,NWAY,North Wales Region
N W Region,NTHN,North West Region
Northall'ton,NORE,Northallerton SC
Northampton,NHNA,Northampton Swimming Club
N'hampton WP,NWPA,Northampton Water Polo Club
Northants,NHPA,Northamptonshire ASA
NorthernWave,NWMN,Northern Wave (Manchester) SC
Northgate,NRHM,Northgate Bridgnorth SC
N & Durham,NDRE,Northumberland & Durham ASA
Northwich,NTWN,Northwich SC
Norton Rads,NORW,Norton-Radstock SC
Norw&Thet WP,BRKT,Norwich & Thetford WPC
Norwich Swan,NOST,Norwich Swan SC
Norwich Syn,NSST,Norwich Synchro Club
NottmLeander,LEAA,Nottingham Leander SC
NottNorthern,NORA,Nottingham Northern SC
Nottportland,NPOA,Nottingham Portland SC
Notts,NTMA,Nottinghamshire ASA
Nova Cent'n,NOVA,Nova Centurion SC
Nuneaton,NUNM,Nuneaton & Bedworth SC
OadbyWigston,OAWA,Oadby & Wigston SC
Oban,WOOX,Oban Otters SC
Oddicombe,ODDW,Oddicombe SC
Okehampton,OKEW,Okehampton Otters SC
OkehamptonWP,OKWW,Okehampton Water Polo
Old M'whitgn,OMWL,Old Mid Whitgiftian SC
ORCA SWPC,ORCN,Old Royton & Crompton Amateur Sw
Old Whitgift,OWTL,Old Whitgiftians SC
Oldbury,OLDM,Oldbury SC
Oldham Aqua,OLMN,Oldham Aquatics SC
Oldham Dive,ODCN,Oldham Diving Club
Oldham,OLDN,Oldham SC
Onward,ONWN,Onward Dolphin SC
Orion,ORIM,Orion SC
Orkney,NOYX,Orkney ASC
Ormskirk,ORMN,Ormskirk & District SC
Orpington OJ,OOJL,Orpington Ojays
Oswestry Ott,OSWM,Oswestry Otters SC
Otley,OTLE,Otley Swimming Club
Otter,OTTL,Otter SC
Oundle,OUNA,Oundle & District SC
Out To Swim,OUTL,Out To Swim
Oxford Uni,OUSS,Oxford University SC
Oxford UniWP,OXUS,Oxford University WPC
Ox & N Bucks,ONBS,Oxfordshire & North Bucks ASA
P Piranhas,PPWT,Paddock Piranhas (Bishops Stortf
Paignton,PAIW,Paignton SC
Parogon,PARM,Parogon SC
Peebles,EPSX,Peebles ASC
Peel SC IOM,PEEN,Peel Swimming Club (IOM)
PembrokeDist,PEMY,Pembroke & District ASC
Pembs Cty,PCPY,Pembrokeshire County Swimming
PembrokePuff,PUFY,Pembrokeshire Puffins Disability
Pembroke WP,PWPY,Pembrokeshire Water Polo Club
Penarth,PENY,Penarth
Penley,PELY,Penley Swimming Club
Penrith,PTHN,Penrith SC
Penyrheol,PEHY,Penyrheol
Penzance,PENW,Penzance SA and WPC
Perry B & TS,PBEM,Perry Beeches Triple SSC
Pershore,PESM,Pershore SC
Perth City,MPCX,Perth City Swim Club
Perth Mas,MPMX,Perth Masters
Peterhead,NPDX,Peterhead ASC
Peterlee,PLCE,Peterlee ASC
Petworth,PWTS,Petworth SC
Pewsey & Tid,PEWW,Pewsey & Tidworth Swimming Club
Phoenix Cov,PHCM,Phoenix (Coventry)
Phoenix Aqua,WPXX,Phoenix Aquatics Club
Pioneer 79,PION,Pioneer 79 Swimming Club
Plymouth DC,PCDW,Plymouth Diving Club
Plymouth Lea,PLYW,Plymouth Leander SC
Plymouth Rn,PRNW,Plymouth Rn/Rm
Pocklington,PODE,Pocklington Dolphin SC
Polytechnic,POLL,Polytechnic S&WP Club
Pontypridd,POPY,Pontypridd
Poole,POOW,Poole SC
Port Sun Wp,PSWN,Port Sunlight WPC
Portishead,PSHW,Portishead SC
Portobello,EPOX,Portobello ASC
Pmouth & Dis,PDSS,Portsmouth & District Synchronis
Portsmouth W,PCWS,Portsmouth City Waterpolo Club
Portsmouth N,PORS,Portsmouth Northsea SC
Portsmouth V,POVS,Portsmouth Victoria SC
Portway,POTW,Portway SC
Potters Bar,POTT,Potters Bar SC
Ptrs Bar Ssc,PBST,Potters Bar Synchro SC
Poynton,POYN,Poynton Dippers SC
Prescot,PREN,Prescot Swimming Club
Preseli,PPAY,Preseli Panthers
Preston,PRNN,Preston SC
Pudsey Pearl,PUPE,Pudsey Pearls SSC
Pudsey,PUDE,Pudsey SC
Putteridge,PRCT,Putteridge Swimming Club
Radcliffe,RADN,Radcliffe S&WPC
Radford,RADA,Radford SC
Rainhill,RAIN,Rainhill & District SC
Ramsbottom,RAMN,Ramsbottom SC
Ramseian,RSNN,Ramseian SC
Ramsgate,RAMS,Ramsgate SC
Raven Moss,RAVN,Raven Moss SC
Reading Cygn,RCYS,Reading Cygnets SC
Reading Ryls,RRSS,Reading Royals SSC
Reading,REAS,Reading SC
Redbridge BM,RBML,Redbridge Borough Masters
Redditch,REDM,Redditch SC
Redhill Marl,RMAS,Redhill & Reigate Marlins
Redhill & R,RERS,Redhill & Reigate SC
Ren 96,WRXX,Ren 96
Renfrew Bath,WRBX,Renfrew Baths ASC
Retford,RETA,Retford SC
Rhondda,RHOY,Rhondda
RCT Squad,RCTY,Rhondda Cynon Taf Performance Sw
Rhyl Dolphin,RHYY,Rhyl Dolphins SC
RichmondDale,RICE,Richmond Dales ASC
Richmond,RSCL,Richmond Swimming Club
Ringwood,RINS,Ringwood Seals Swimming Club
Ripley,RIPA,Ripley SC (rascals)
Rochdale,RCDN,Rochdale Swimming Club
Rochford,ROCT,Rochford & District SC
Rolls Royce,RORN,Rolls Royce SC
Romford Town,ROML,Romford Town SC
Romiley Mari,MARN,Romiley Marina Swimming Club
RomseyTotton,RMYS,Romsey & Totton SC
Rossington,ROSE,Rossington SC
Rotherham Mo,ROME,Rotherham Metro SC
Rothwell,ROTA,Rothwell SC
RAF Swim,RAFA,Royal Air Force Swim Team
Royal Navy,RNVS,Royal Navy SC
RTW Masters,RTMS,Royal Tunbridge Wells Masters SC
RTW Monson,RTWS,Royal Tunbridge Wells Monson SC
Wootton Bass,WOBW,Royal Wootton Bassett ASC
Royston,ROYT,Royston SC
Rugby,RUGM,Rugby SC
Ruislip Nwd,RUIL,Ruislip Northwood SC
Runcorn Reps,RREN,Runcorn Reps SC
Runnymede,RUNT,Runnymede SC
Rushcliffe,RSHA,Rushcliffe SC
Rushden,RUSA,Rushden ASC
Rushmoor Ryl,RURS,Rushmoor Royals SC
Rushmoor Syn,RUSS,Rushmoor Synchro SC
Rutherglen,WRNX,Rutherglen ASC
Ruthin,RUTY,Ruthin
Rutland,RUTA,Rutland SC
Ryde SC,RYDS,Ryde Swimming Club
Ryedale,RYEE,Ryedale SC
Rykneld,RYKA,Rykneld SC
Saddleworth,SADN,Saddleworth SC
Saffron Wald,SAFT,Saffron Walden SC
Salford City,SACN,Salford City SC
Salisbury,SASW,Salisbury Stingrays ASC
Saltburn Mar,SALE,Saltburn & Marske SC
Sandbach,SSHN,Sandbach Sharks SC
Sandown IOW,SIWS,Sandown I.O.W Saturday Night Clu
Satellite,SATN,Satellite SC
Saxon Crown,SAXL,Saxon Crown (Lewisham) SC
Scarborough,SCAE,Scarborough Swimming Club
Scorpion ST,ESNX,Scorpion Swim Team
Scotia,WSAX,Scotia ASC
SASA,SCCX,Scotland Composite
Scot East,SEDX,Scotland East
Scot Midland,SMDX,Scotland Midland
Scot North,SNDX,Scotland North
Scot West,SCWX,Scotland West
SASA LifeMem,LFMX,Scottish ASA Life Member
Scot Non-Res,USNX,Scottish Non-Residential
Scots Sch SA,USSX,Scottish Schools Swimming Assoc
SASA Staff,USWX,Scottish Swimming Staff
Scunthorpe A,SCNE,Scunthorpe Anchor SC
Seabyrd,SBDL,Seabyrd SC
Seaclose,SEAS,Seaclose Swimming Club
Seagulls SC,SEGW,Seagulls Swimming Club
Seawolf SA,SSAN,Seawolf Swimming Academy (Church
Sedgefield,SDGE,Sedgefield & District 75
SedgefieldWP,SDWE,Sedgefield Water Polo Club
Selby,SELE,Selby Tigersharks Swimming Squad
Serpentine,SERL,Serpentine SC
Settle Area,SETE,Settle Area ASC
Sevenoaks,SEVS,Sevenoaks SC
SevenoaksTri,SETS,Sevenoaks Tri-Swim Club
Severnside,SSTW,Severnside Tritons Club
Seymour Syn,SSSL,Seymour Synchro Swim Sch
Sharks,SHKL,Sharks SC of Mottingham
Sheerness,SHSS,Sheerness SC & Lifeguard Corp
Sheffield C,SHEE,Sheffield City SC
Shepshed,SHEA,Shepshed SC
Shepway SC,SHES,Shepway Swimming Club
Sherwood,SHRA,Sherwood Colliery SC
SherwoodSeal,SSDA,Sherwood Seals SC for the Disabl
Shetland,NSHX,Shetland ASC
Shetland Mas,NSTX,Shetland Masters
Shiverers,SHIS,Shiverers SC
Sham Croc SC,SHCS,Shoreham Crocodiles SC
Shrewsbury,SHWM,Shrewsbury SC
Shropshire,SHPM,Shropshire ASA
Sidvale,SIDW,Sid Vale SC
Silver City,NSCX,Silver City Blues ASC
Sittingbourn,SAMS,Sittingbourne & Milton SC
Skegness,SKEA,Skegness ASC
Skipton,SKIE,Skipton Swimming Club
Skye Dolphin,NSEX,Skye Dolphins ASC
Slough Eton,SLES,Slough & Eton Dolphin SC
Smiths Swim,SMIS,Smiths Swimming Club
Solent,SOLS,Solent
Solihull,SOLM,Solihull SC
Somerset,SMSW,Somerset ASA
Soundwell,SOUW,Soundwell SC
South Aberde,USAX,South Aberdeenshire Swim Team
South Axholm,SASE,South Axholme Sharks SC
Sth Ayrshire,WSEX,South Ayrshire ASC
South Beds,SBMT,South Beds Masters Swimming Club
SouthCroydon,SCRL,South Croydon SC
Sth DerbysWP,SDWA,South Derbyshire Water Polo Club
S E Region,SCTS,South East Region
SE Wales,EWAY,South East Wales Region
S Gloucs WPC,SGWW,South Gloucestershire Water Polo
South Holder,SHLE,South Holderness SC
South Hunsle,SOHE,South Hunsley SC
SLanarkshire,USLX,South Lanarkshire Swimming
South Lincs,SLCA,South Lincs Competitive SC
South London,SLSL,South London Open Water SC
South Main,NSMX,South Mainland ASC
South Tyne,STDE,South Tyneside SC
SW Police,SPOY,South Wales Police
S W Titans,VDAY,South Wales Titans
S W Region,WSTW,South West Region
SW Wales,WWAY,South West Wales Region
S York Swans,SYSE,South Yorkshire Swans
Southam,SHMM,Southam SC
South Dive A,SDAS,Southampton Diving Academy
Soton Dolp,SDOS,Southampton Dolphins SC
Southamp Uni,USSS,Southampton University SC
Soton WPC,SHWS,Southampton Water Polo Club
Southend D,SEDT,Southend Diving
Southend,SOST,Southend on Sea SC
Southern Iom,SOUN,Southern I-O-M SC
Southport,SPTN,Southport SC
Southwark,SAQL,Southwark Aquatics SC
Southwell,SOUA,Southwell SC
Southwold,SOTW,Southwold Swimming Club
Sowerbybridg,SOBE,Sowerby Bridge SC
S B Stingray,SBLE,Sowerby Bridge Stingrays SC
Spalding,SPDA,Spalding SC
Spenborough,SPEE,Spenborough SC
Spencer,SPEL,Spencer Swim Team
Splash Club,SPLS,Splash Club
Spondon Mast,SPOA,Spondon Masters SC
St Albans Ma,SAMT,St Albans Masters SC
St Austell,STAW,St Austell ASC
St B & St J,SBJE,St Bede's & St Josephs's Catholi
St Felix Sch,SFST,St Felix School SC (Southwold)
St Helens,STHN,St Helens Swimming Club
St Ives Bay,SIBW,St Ives Bay SC
St Ives,SIVT,St Ives SC
St James,SJAL,St James SC
St Neot Swan,SWNT,St Neots Swans Swimming Club
StPauls Sch,SPSL,St Pauls School Aquatic Club
St Thomas,MASX,St Thomas ASC
StaffordApex,APXM,Stafford Apex SC
Staffs,STFM,Staffordshire ASA
Staines,STAS,Staines Swimming Club
Stalybridge,STAN,Stalybridge SC
Stanway,FSST,Stanway SC
Star Diving,STCS,Star Diving Club
Step Rock,ESRX,Step Rock ASC
Stevenage,STET,Stevenage SC
StirlingSwim,WSWX,Stirling Swimming
Stock Ex,STXL,Stock Exchange SC
Stockport Mo,STMN,Stockport Metro SC
Stockport,STON,Stockport SC
Stocksbridge,STOE,Stocksbridge Pentaqua SC
Stockton,STKE,Stockton ASC
Stokesley,STYE,Stokesley SC
Stone,SADM,Stone & District SC
Stonehaven,NSNX,Stonehaven ASC
Stourbridge,STRM,Stourbridge SC
Stowe School,STOS,Stowe School
Stowmarket,STOT,Stowmarket SC
Stranraer,WSRX,Stranraer Stingrays ASC
Strat Sharks,SSHM,Stratford Sharks SC
Strathkelvin,USTX,Strathkelvin Select
Streatham,STML,Streatham SC
Street,STEW,Street & District SC
Stretford,STRN,Stretford SC
Stroud Mast,STMW,Stroud Masters SC
Sub 160,SMCN,Sub 160 Masters (Colne)
Sudbury,SUDT,Sudbury & District SC
Suffolk,SFKT,Suffolk ASA
Suffolk C T,SCOT,Suffolk Coastal Torpedoes
Sland CDT,SCDE,Sunderland City Dive Team
Sun Gateway,SUGE,Sunderland Gateway
Surrey,SRYQ,Surrey County ASA
SCWPSA,SCSL,Surrey County Water Polo and SA
Survive&Save,SSVL,Survive And Save Club
Sussex,SSXS,Sussex County ASA
Sussex Shawk,SHKS,Sussex Seahawks Swim Team
SussexSquids,SUSS,Sussex Squids
Sutherland,NSDX,Sutherland ASC
Sutton Cheam,SUTL,Sutton & Cheam SC
Sutton Atlan,SATL,Sutton Atlantis SC
Sutton,SUTA,Sutton In Ashfield SC
Swadlincote,SWAA,Swadlincote SC
Swansea Stin,SWDY,Swansea Stingrays
Swansea Uni,SPCY,Swansea University
Swansea Uni,SUNY,Swansea University SC
S Bournem'th,SBOW,Swim Bournemouth
Swim Jersey,SEJS,Swim Easy Jersey
Swim Ipswich,SCCT,Swim Fore IT (Ipswich)
Swim Gwynedd,SGPY,Swim Gwynedd Performance Club
SwimTrafford,STTN,Swim Trafford Team SC
Swim Wales E,SWEY,Swim Wales East
Swim Wales W,SWWY,Swim Wales West
West Lothian,UWLX,Swim West Lothian
Swim W Isles,NWIX,Swim Western Isles
Swim-IT SC,ESIX,Swim-IT SC
Swimability,SWDN,Swimability SC
SwimExcell,SEES,SwimExcell Esher SC
Swindon Mas,SAMW,Swindon Area Masters
Swindon,SWAW,Swindon ASC
Swindon Dolp,SWDW,Swindon Dolphin ASC
Swinton,SWIN,Swinton SC
SX3 Swindon,SXSW,SX3 Swindon Swim Squad
Tadcaster,TADE,Tadcaster Swim Squad
Tain,NTNX,Tain ASC
Tamworth,TAMM,Tamworth SC
Tandridge Aq,TASS,Tandridge Aquarius Swim Squad
Taunton Ast,TAAW,Taunton Asthmatic SC
TauntonDeane,TDSW,Taunton Deane SC
Tavistock,TAVW,Tavistock SC
Tay Masters,MTMX,Tay Masters
Tayseals Wp,UTSX,Tayseals Water Polo Team
Team Anglia,TANT,Team Anglia Swimming Club
teamipswich,IPST,Team Ipswich Swimming
Team Jorvik,TJOE,Team Jorvik
Team Luton,LUTT,Team Luton Swimming
Team Mercia,TEMM,Team Mercia
T North,TNOE,Team Northumberland ASC
T North WP,NUWE,Team Northumbria Water Polo Club
Teddington,TEDL,Teddington SC
Teesdale,TESE,Teesdale ASC
Teesdale TS,TTSE,Teesdale Tiger Sharks
Teignmouth,TEIW,Teignmouth Swimming Club
TelfordAqua,TEAM,Telford Aqua
Tenby,TENY,Tenby
Tewkesbury,TEWW,Tewkesbury SC
Thame,TAMS,Thame Swimming Club
Thanet Swim,THAS,Thanet Swim Club
Royal Wolv,RWSM,The Royal Wolverhampton School S
S Holland,SHSA,The South Holland Stingrays
Birm'ham Uni,BIUM,The University Of Birmingham
Thetford,THDT,Thetford Dolphins SC
Thirsk WH,TWHE,Thirsk White Horse Swim Team
Thornaby,THOE,Thornaby SC
Thorne,THTE,Thorne Tigers
Thurrock,THUT,Thurrock Swimming Club
Thurso,NTOX,Thurso ASC
TigersJersey,TIGS,Tigers SC (Jersey) Ltd
TigersharksS,TSSL,Tigershark Swim Squad
TigersharksW,THAW,Tigersharks
Tilehurst,TILS,Tilehurst SC
Tisbury,TISW,Tisbury ASC
Tiverton,TIVW,Tiverton SC
Todmorden,TODE,Todmorden SC
Tonbridge,TONS,Tonbridge SC
Torfaen D,TDOY,Torfaen Dolphins Performance
South Dorset,THTW,Tornadoes of South Dorset
Torquay,TQLW,Torquay Leander SC
Torridgeside,TORW,Torridgeside SC
Totnes,TOTW,Totnes SC
Tower Hamlet,TOWL,Tower Hamlets SC
TR1 Swim,TRSW,TR1 Swim
Trafford Met,TMBN,Trafford Metro Bor SC
Trafford Syn,TSSN,Trafford Synchro SC
Tranent,ETTX,Tranent ASC
Tredegar,TREY,Tredegar Torpedoes
Tring,TRIT,Tring Swimming Club
Trojan,ETNX,Trojan ASC
Troon,WTNX,Troon ASC
Trowbridge,TROW,Trowbridge ASC
Truro City,TRUW,Truro City SC
Tbridge W DC,TWDS,Tunbridge Wells Diving Club
Turriff,NTFX,Turriff ASC
Turtles,TURL,Turtles Of South London SC
Tyldesley,TYLN,Tyldesley Swimming Club
Tynedale,TYNE,Tynedale SC
Tynemouth DC,TDCE,Tynemouth Diving Club
Tynemouth,TYME,Tynemouth SC
UEA Norwich,NORT,UEA City of Norwich SC
Ullapool SC,NULX,Ullapool Swimming Club
Ulverston,ULVN,Ulverston SC
Utd Bristol,UBSW,United Bristol Swimming Club
Bath Univ,BAUW,University of Bath SC
Bath Uni WP,UBWW,University of Bath WPC
Bristol Univ,BRUW,University of Bristol SC
UniOfStirl,WUSX,University Of Stirling
West Eng Uni,UWEW,University of West England SC
Upper Deesid,NUDX,Upper Deeside ASC
U Wharfedale,UWDE,Upper Wharfedale SC
UWIC,UWIY,UWIC Aquatics
Verulam,VERT,Verulam ASC
Wakefield,WKKE,Wakefield Kingfisher SC
Wales Region,WARY,Wales Region
Wallasey,WALN,Wallasey SC
Walsall,WALM,Walsall Swim and Water Polo Club
Walsall Syn,WASM,Walsall Synchronised SC
Waltham DC,WFDL,Waltham Forest Diving Club
Waltham For,WDOL,Waltham Forest Dolphins Disabled
Walt Trit,WATL,Walthamstow Tritons
Wandsworth,WANL,Wandsworth SC
Wantage,WWWS,Wantage White Horses
Wantage Yth,WAYS,Wantage Youth SC
Ware,WART,Ware SC
Wareham,WARW,Wareham SC
Warley Wasps,WAWM,Warley Wasps SC
Warminster,WAMW,Warminster & District ASC
Warrender Ba,EWBX,Warrender Baths Club
Warr'ton WPC,WDWN,Warrington & District Water Polo
Warr'ton Dol,WADN,Warrington Dolphins L.D.
Warrington,WARN,Warrington Swimming Club
Warrington W,WOWN,Warrington Warriors SC
Warwick Uni,WAUM,Warwick University SC
Warwick WP,WARM,Warwick Water Polo Club
Warwicks,WWKM,Warwickshire ASA
WASA Test,ASAQ,WASA Live Test Dual Rec
Washington,WAQE,Washington Aquatics SC
Watford SC,WATT,Watford SC
Watford WPC,WPOT,Watford Water Polo Club
Wear Valley,WEVE,Wear Valley SC
Wednesbury,WEDM,Wednesbury SC
Wednesburywp,WWPM,Wednesbury WP Club
Wellingboro,WELA,Wellingborough SC
Wellington W,WLNW,Wellington
Wellington M,WTNM,Wellington (Telford) SC
Wells SC,WELW,Wells Swimming Club
Welsh Ind,INDY,Welsh Individual Member
Welsh Wand,WWPY,Welsh Wanderers
Welshpool,WELY,Welshpool
WelwynGarden,WELT,Welwyn Garden SC
Wessex Dc,WXDW,Wessex Diving Club
West Dorset,WDOW,West Dorset SC
West Dunbart,WDDX,West Dunbartonshire ASC
West Kirby,WEKN,West Kirby ASC
W Lon Pengu,HAPL,West London Penguin Swimming & W
W M Region,WESM,West Midland Region
Swim WM,SWEM,West Midlands Disability SC
West Mid Pol,WMPM,West Midlands Police SC
West Norfolk,KLWT,West Norfolk Swimming Club
West Suffolk,WSUT,West Suffolk Swimming Club
West Wight,WEWS,West Wight SC
WWilts DC,WWDW,West Wilts Diving Club
West Wilts,WFFW,West Wilts Force Five
Westbury,WESW,Westbury ASC
Western Bath,WWBX,Western Baths WPC
Western,WESN,Western SC
Westhill,NWDX,Westhill District ASC
WestminsterT,WTIL,Westminster Tiburones SC
Weston S M,WSMW,Weston-Super-Mare SC
Wside Sharks,NWSX,Westside Sharks Swimming Club
Wetherby,WETE,Wetherby SC
Wey Valley,WEYS,Wey Valley SC
Weymouth WP,WPWW,Weymouth & Portland WPC
Weymouth,WEYW,Weymouth SC
Weyport Mas,WEOW,Weyport Masters SC
Whalsay,NWYX,Whalsay ASC
Whitby,WHTE,Whitby Seals SC
Whitchurch,WHTM,Whitchurch SC
White Oak,WHIS,White Oak SC
Whitley Bay,WHBE,Whitley Bay SC
Whittlesey,WSCT,Whittlesey SC
Wick,NWKX,Wick ASC
Wigan BEST,WBEN,Wigan Best SC
Wigan,WIGN,Wigan SC
WildernWaves,WWAS,Wildern Waves
Wilmslow,WILN,Wilmslow & District ASC
Wiltshire,WLTW,Wiltshire ASA
Wimbledon,WIML,Wimbledon & Merton SC
Wimb Dolphs,WMBL,Wimbledon Dolphins SC
Wincanton,WINW,Wincanton SC
Winchester,WCPS,Winchester City Penguins
WindsorMStar,WMSS,Windsor & Maidenhead StarFish SC
Windsor,WINS,Windsor SC
Winsford,WINN,Winsford Swimming Club
Wirral Metro,WIMN,Wirral Metro SC
Wisbech,WIST,Wisbech Swimming Club
Witham Dolph,WITT,Witham Dolphins SC
Withnell,WITN,Withnell SC
Witney,WITS,Witney & District SC
Wit & Dis SS,WDSS,Witney & District Synchronised S
Woking,WOKS,Woking SC
Wolv Master,WVHM,Wolverhampton Masters SC
Wolv'hampton,WLVM,Wolverhampton SC
Wombourne,WOMM,Wombourne SC
Woodchurch,WOON,Woodchurch SC
Woodhall,WOSA,Woodhall Sharks SC
Woodside Th,WOOL,Woodside & Thornton Heath SC
Woolton,WSCN,Woolton SC
Worcs,WRCM,Worcester County ASA
Worcester Cr,WCRM,Worcester Crocodiles
Worcester,WORM,Worcester SC
Workington,WORN,Workington SC
Worksop,WOKA,Worksop Dolphins SC
Worsley,WSYN,Worsley SC
Worthing SC,WORS,Worthing Swimming Club
Wrekin Coll,WCOM,Wrekin College SC
Wrexham,WREY,Wrexham
Wrexham Aqua,WRAY,Wrexham Aquatics
Wroughton,WROW,Wroughton ASC
Wycombe Dist,WYCS,Wycombe District SC
Wyre Forest,WYRM,Wyre Forest SC
Wythenshawe,WYTN,Wythenshawe SC
Y Swim,YMCL,Y Swim
Y.A.A.B.A.,MYAX,Y.A.A.B.A ASC
Yeovil,YEOW,Yeovil District SC
YMCA Lytham,YLSN,YMCA Lytham St Annes SC
York City,YCBE,York City Baths Club
York Synchro,YSCE,York SynchroniCity SC
York Tri,YTCE,York Triathlon Club
Yshire Coast,YCSE,Yorkshire Coast Swimming Club (B
Yorkshire,YRKE,Yorkshire SA
Ythan,NYNX,Ythan ASC